--
-- PostgreSQL database dump
--

-- Dumped from database version 14.17 (Debian 14.17-1.pgdg120+1)
-- Dumped by pg_dump version 17.4 (Ubuntu 17.4-1.pgdg24.04+2)

SET statement_timeout = 0;
SET lock_timeout = 0;
SET idle_in_transaction_session_timeout = 0;
SET transaction_timeout = 0;
SET client_encoding = 'UTF8';
SET standard_conforming_strings = on;
SELECT pg_catalog.set_config('search_path', '', false);
SET check_function_bodies = false;
SET xmloption = content;
SET client_min_messages = warning;
SET row_security = off;

--
-- Name: public; Type: SCHEMA; Schema: -; Owner: postgres
--

-- *not* creating schema, since initdb creates it


ALTER SCHEMA public OWNER TO postgres;

SET default_tablespace = '';

SET default_table_access_method = heap;

--
-- Name: auth_group; Type: TABLE; Schema: public; Owner: postgres
--

CREATE TABLE public.auth_group (
    id integer NOT NULL,
    name character varying(150) NOT NULL
);


ALTER TABLE public.auth_group OWNER TO postgres;

--
-- Name: auth_group_id_seq; Type: SEQUENCE; Schema: public; Owner: postgres
--

ALTER TABLE public.auth_group ALTER COLUMN id ADD GENERATED BY DEFAULT AS IDENTITY (
    SEQUENCE NAME public.auth_group_id_seq
    START WITH 1
    INCREMENT BY 1
    NO MINVALUE
    NO MAXVALUE
    CACHE 1
);


--
-- Name: auth_group_permissions; Type: TABLE; Schema: public; Owner: postgres
--

CREATE TABLE public.auth_group_permissions (
    id bigint NOT NULL,
    group_id integer NOT NULL,
    permission_id integer NOT NULL
);


ALTER TABLE public.auth_group_permissions OWNER TO postgres;

--
-- Name: auth_group_permissions_id_seq; Type: SEQUENCE; Schema: public; Owner: postgres
--

ALTER TABLE public.auth_group_permissions ALTER COLUMN id ADD GENERATED BY DEFAULT AS IDENTITY (
    SEQUENCE NAME public.auth_group_permissions_id_seq
    START WITH 1
    INCREMENT BY 1
    NO MINVALUE
    NO MAXVALUE
    CACHE 1
);


--
-- Name: auth_permission; Type: TABLE; Schema: public; Owner: postgres
--

CREATE TABLE public.auth_permission (
    id integer NOT NULL,
    name character varying(255) NOT NULL,
    content_type_id integer NOT NULL,
    codename character varying(100) NOT NULL
);


ALTER TABLE public.auth_permission OWNER TO postgres;

--
-- Name: auth_permission_id_seq; Type: SEQUENCE; Schema: public; Owner: postgres
--

ALTER TABLE public.auth_permission ALTER COLUMN id ADD GENERATED BY DEFAULT AS IDENTITY (
    SEQUENCE NAME public.auth_permission_id_seq
    START WITH 1
    INCREMENT BY 1
    NO MINVALUE
    NO MAXVALUE
    CACHE 1
);


--
-- Name: auth_user; Type: TABLE; Schema: public; Owner: postgres
--

CREATE TABLE public.auth_user (
    id integer NOT NULL,
    password character varying(128) NOT NULL,
    last_login timestamp with time zone,
    is_superuser boolean NOT NULL,
    username character varying(150) NOT NULL,
    first_name character varying(150) NOT NULL,
    last_name character varying(150) NOT NULL,
    email character varying(254) NOT NULL,
    is_staff boolean NOT NULL,
    is_active boolean NOT NULL,
    date_joined timestamp with time zone NOT NULL
);


ALTER TABLE public.auth_user OWNER TO postgres;

--
-- Name: auth_user_groups; Type: TABLE; Schema: public; Owner: postgres
--

CREATE TABLE public.auth_user_groups (
    id bigint NOT NULL,
    user_id integer NOT NULL,
    group_id integer NOT NULL
);


ALTER TABLE public.auth_user_groups OWNER TO postgres;

--
-- Name: auth_user_groups_id_seq; Type: SEQUENCE; Schema: public; Owner: postgres
--

ALTER TABLE public.auth_user_groups ALTER COLUMN id ADD GENERATED BY DEFAULT AS IDENTITY (
    SEQUENCE NAME public.auth_user_groups_id_seq
    START WITH 1
    INCREMENT BY 1
    NO MINVALUE
    NO MAXVALUE
    CACHE 1
);


--
-- Name: auth_user_id_seq; Type: SEQUENCE; Schema: public; Owner: postgres
--

ALTER TABLE public.auth_user ALTER COLUMN id ADD GENERATED BY DEFAULT AS IDENTITY (
    SEQUENCE NAME public.auth_user_id_seq
    START WITH 1
    INCREMENT BY 1
    NO MINVALUE
    NO MAXVALUE
    CACHE 1
);


--
-- Name: auth_user_user_permissions; Type: TABLE; Schema: public; Owner: postgres
--

CREATE TABLE public.auth_user_user_permissions (
    id bigint NOT NULL,
    user_id integer NOT NULL,
    permission_id integer NOT NULL
);


ALTER TABLE public.auth_user_user_permissions OWNER TO postgres;

--
-- Name: auth_user_user_permissions_id_seq; Type: SEQUENCE; Schema: public; Owner: postgres
--

ALTER TABLE public.auth_user_user_permissions ALTER COLUMN id ADD GENERATED BY DEFAULT AS IDENTITY (
    SEQUENCE NAME public.auth_user_user_permissions_id_seq
    START WITH 1
    INCREMENT BY 1
    NO MINVALUE
    NO MAXVALUE
    CACHE 1
);


--
-- Name: django_admin_log; Type: TABLE; Schema: public; Owner: postgres
--

CREATE TABLE public.django_admin_log (
    id integer NOT NULL,
    action_time timestamp with time zone NOT NULL,
    object_id text,
    object_repr character varying(200) NOT NULL,
    action_flag smallint NOT NULL,
    change_message text NOT NULL,
    content_type_id integer,
    user_id integer NOT NULL,
    CONSTRAINT django_admin_log_action_flag_check CHECK ((action_flag >= 0))
);


ALTER TABLE public.django_admin_log OWNER TO postgres;

--
-- Name: django_admin_log_id_seq; Type: SEQUENCE; Schema: public; Owner: postgres
--

ALTER TABLE public.django_admin_log ALTER COLUMN id ADD GENERATED BY DEFAULT AS IDENTITY (
    SEQUENCE NAME public.django_admin_log_id_seq
    START WITH 1
    INCREMENT BY 1
    NO MINVALUE
    NO MAXVALUE
    CACHE 1
);


--
-- Name: django_content_type; Type: TABLE; Schema: public; Owner: postgres
--

CREATE TABLE public.django_content_type (
    id integer NOT NULL,
    app_label character varying(100) NOT NULL,
    model character varying(100) NOT NULL
);


ALTER TABLE public.django_content_type OWNER TO postgres;

--
-- Name: django_content_type_id_seq; Type: SEQUENCE; Schema: public; Owner: postgres
--

ALTER TABLE public.django_content_type ALTER COLUMN id ADD GENERATED BY DEFAULT AS IDENTITY (
    SEQUENCE NAME public.django_content_type_id_seq
    START WITH 1
    INCREMENT BY 1
    NO MINVALUE
    NO MAXVALUE
    CACHE 1
);


--
-- Name: django_migrations; Type: TABLE; Schema: public; Owner: postgres
--

CREATE TABLE public.django_migrations (
    id bigint NOT NULL,
    app character varying(255) NOT NULL,
    name character varying(255) NOT NULL,
    applied timestamp with time zone NOT NULL
);


ALTER TABLE public.django_migrations OWNER TO postgres;

--
-- Name: django_migrations_id_seq; Type: SEQUENCE; Schema: public; Owner: postgres
--

ALTER TABLE public.django_migrations ALTER COLUMN id ADD GENERATED BY DEFAULT AS IDENTITY (
    SEQUENCE NAME public.django_migrations_id_seq
    START WITH 1
    INCREMENT BY 1
    NO MINVALUE
    NO MAXVALUE
    CACHE 1
);


--
-- Name: django_session; Type: TABLE; Schema: public; Owner: postgres
--

CREATE TABLE public.django_session (
    session_key character varying(40) NOT NULL,
    session_data text NOT NULL,
    expire_date timestamp with time zone NOT NULL
);


ALTER TABLE public.django_session OWNER TO postgres;

--
-- Name: processing_dataformat; Type: TABLE; Schema: public; Owner: postgres
--

CREATE TABLE public.processing_dataformat (
    id bigint NOT NULL,
    predicate character varying(255) NOT NULL,
    dataformat character varying(255) NOT NULL,
    length character varying(50) NOT NULL,
    "errorTemplate" text NOT NULL,
    rule_id bigint NOT NULL
);


ALTER TABLE public.processing_dataformat OWNER TO postgres;

--
-- Name: processing_dataformat_id_seq; Type: SEQUENCE; Schema: public; Owner: postgres
--

ALTER TABLE public.processing_dataformat ALTER COLUMN id ADD GENERATED BY DEFAULT AS IDENTITY (
    SEQUENCE NAME public.processing_dataformat_id_seq
    START WITH 1
    INCREMENT BY 1
    NO MINVALUE
    NO MAXVALUE
    CACHE 1
);


--
-- Name: processing_documentfields; Type: TABLE; Schema: public; Owner: postgres
--

CREATE TABLE public.processing_documentfields (
    id bigint NOT NULL,
    field character varying(100) NOT NULL,
    context character varying(100) NOT NULL,
    xpath character varying(255) NOT NULL,
    listmember character varying(100) NOT NULL,
    tag character varying(100) NOT NULL,
    description text NOT NULL,
    version_id bigint NOT NULL
);


ALTER TABLE public.processing_documentfields OWNER TO postgres;

--
-- Name: processing_documentfields_id_seq; Type: SEQUENCE; Schema: public; Owner: postgres
--

ALTER TABLE public.processing_documentfields ALTER COLUMN id ADD GENERATED BY DEFAULT AS IDENTITY (
    SEQUENCE NAME public.processing_documentfields_id_seq
    START WITH 1
    INCREMENT BY 1
    NO MINVALUE
    NO MAXVALUE
    CACHE 1
);


--
-- Name: processing_error; Type: TABLE; Schema: public; Owner: postgres
--

CREATE TABLE public.processing_error (
    id bigint NOT NULL,
    error_code character varying(100) NOT NULL,
    error_message text NOT NULL,
    message_id bigint NOT NULL
);


ALTER TABLE public.processing_error OWNER TO postgres;

--
-- Name: processing_error_id_seq; Type: SEQUENCE; Schema: public; Owner: postgres
--

ALTER TABLE public.processing_error ALTER COLUMN id ADD GENERATED BY DEFAULT AS IDENTITY (
    SEQUENCE NAME public.processing_error_id_seq
    START WITH 1
    INCREMENT BY 1
    NO MINVALUE
    NO MAXVALUE
    CACHE 1
);


--
-- Name: processing_members; Type: TABLE; Schema: public; Owner: postgres
--

CREATE TABLE public.processing_members (
    id bigint NOT NULL,
    member_name character varying(255) NOT NULL,
    message_id bigint NOT NULL
);


ALTER TABLE public.processing_members OWNER TO postgres;

--
-- Name: processing_members_id_seq; Type: SEQUENCE; Schema: public; Owner: postgres
--

ALTER TABLE public.processing_members ALTER COLUMN id ADD GENERATED BY DEFAULT AS IDENTITY (
    SEQUENCE NAME public.processing_members_id_seq
    START WITH 1
    INCREMENT BY 1
    NO MINVALUE
    NO MAXVALUE
    CACHE 1
);


--
-- Name: processing_message; Type: TABLE; Schema: public; Owner: postgres
--

CREATE TABLE public.processing_message (
    id bigint NOT NULL,
    "timestamp" timestamp with time zone NOT NULL,
    signature character varying(255) NOT NULL,
    created_at timestamp with time zone NOT NULL,
    message_version_id bigint NOT NULL,
    sender_id bigint
);


ALTER TABLE public.processing_message OWNER TO postgres;

--
-- Name: processing_message_id_seq; Type: SEQUENCE; Schema: public; Owner: postgres
--

ALTER TABLE public.processing_message ALTER COLUMN id ADD GENERATED BY DEFAULT AS IDENTITY (
    SEQUENCE NAME public.processing_message_id_seq
    START WITH 1
    INCREMENT BY 1
    NO MINVALUE
    NO MAXVALUE
    CACHE 1
);


--
-- Name: processing_messageversion; Type: TABLE; Schema: public; Owner: postgres
--

CREATE TABLE public.processing_messageversion (
    id bigint NOT NULL,
    version_code character varying(20) NOT NULL,
    "xmlSchema" text
);


ALTER TABLE public.processing_messageversion OWNER TO postgres;

--
-- Name: processing_messageversion_id_seq; Type: SEQUENCE; Schema: public; Owner: postgres
--

ALTER TABLE public.processing_messageversion ALTER COLUMN id ADD GENERATED BY DEFAULT AS IDENTITY (
    SEQUENCE NAME public.processing_messageversion_id_seq
    START WITH 1
    INCREMENT BY 1
    NO MINVALUE
    NO MAXVALUE
    CACHE 1
);


--
-- Name: processing_messagexml; Type: TABLE; Schema: public; Owner: postgres
--

CREATE TABLE public.processing_messagexml (
    id bigint NOT NULL,
    xml_content text NOT NULL,
    xml_url_link character varying(255) NOT NULL,
    message_id bigint NOT NULL
);


ALTER TABLE public.processing_messagexml OWNER TO postgres;

--
-- Name: processing_messagexml_id_seq; Type: SEQUENCE; Schema: public; Owner: postgres
--

ALTER TABLE public.processing_messagexml ALTER COLUMN id ADD GENERATED BY DEFAULT AS IDENTITY (
    SEQUENCE NAME public.processing_messagexml_id_seq
    START WITH 1
    INCREMENT BY 1
    NO MINVALUE
    NO MAXVALUE
    CACHE 1
);


--
-- Name: processing_operation; Type: TABLE; Schema: public; Owner: postgres
--

CREATE TABLE public.processing_operation (
    id bigint NOT NULL,
    transaction_date date NOT NULL,
    amount numeric(18,2) NOT NULL,
    currency character varying(10) NOT NULL,
    operation_type character varying(100) NOT NULL,
    message_id bigint NOT NULL
);


ALTER TABLE public.processing_operation OWNER TO postgres;

--
-- Name: processing_operation_id_seq; Type: SEQUENCE; Schema: public; Owner: postgres
--

ALTER TABLE public.processing_operation ALTER COLUMN id ADD GENERATED BY DEFAULT AS IDENTITY (
    SEQUENCE NAME public.processing_operation_id_seq
    START WITH 1
    INCREMENT BY 1
    NO MINVALUE
    NO MAXVALUE
    CACHE 1
);


--
-- Name: processing_requirement; Type: TABLE; Schema: public; Owner: postgres
--

CREATE TABLE public.processing_requirement (
    id bigint NOT NULL,
    predicate character varying(255) NOT NULL,
    isrequired character varying(10) NOT NULL,
    "errorTemplate" text NOT NULL,
    rule_id bigint NOT NULL
);


ALTER TABLE public.processing_requirement OWNER TO postgres;

--
-- Name: processing_requirement_id_seq; Type: SEQUENCE; Schema: public; Owner: postgres
--

ALTER TABLE public.processing_requirement ALTER COLUMN id ADD GENERATED BY DEFAULT AS IDENTITY (
    SEQUENCE NAME public.processing_requirement_id_seq
    START WITH 1
    INCREMENT BY 1
    NO MINVALUE
    NO MAXVALUE
    CACHE 1
);


--
-- Name: processing_rule; Type: TABLE; Schema: public; Owner: postgres
--

CREATE TABLE public.processing_rule (
    id bigint NOT NULL,
    is_active boolean NOT NULL,
    "documentField_id" bigint NOT NULL,
    version_id bigint NOT NULL
);


ALTER TABLE public.processing_rule OWNER TO postgres;

--
-- Name: processing_rule_id_seq; Type: SEQUENCE; Schema: public; Owner: postgres
--

ALTER TABLE public.processing_rule ALTER COLUMN id ADD GENERATED BY DEFAULT AS IDENTITY (
    SEQUENCE NAME public.processing_rule_id_seq
    START WITH 1
    INCREMENT BY 1
    NO MINVALUE
    NO MAXVALUE
    CACHE 1
);


--
-- Name: processing_sender; Type: TABLE; Schema: public; Owner: postgres
--

CREATE TABLE public.processing_sender (
    id bigint NOT NULL,
    name character varying(255) NOT NULL,
    inn character varying(20) NOT NULL
);


ALTER TABLE public.processing_sender OWNER TO postgres;

--
-- Name: processing_sender_id_seq; Type: SEQUENCE; Schema: public; Owner: postgres
--

ALTER TABLE public.processing_sender ALTER COLUMN id ADD GENERATED BY DEFAULT AS IDENTITY (
    SEQUENCE NAME public.processing_sender_id_seq
    START WITH 1
    INCREMENT BY 1
    NO MINVALUE
    NO MAXVALUE
    CACHE 1
);


--
-- Data for Name: auth_group; Type: TABLE DATA; Schema: public; Owner: postgres
--

COPY public.auth_group (id, name) FROM stdin;
\.


--
-- Data for Name: auth_group_permissions; Type: TABLE DATA; Schema: public; Owner: postgres
--

COPY public.auth_group_permissions (id, group_id, permission_id) FROM stdin;
\.


--
-- Data for Name: auth_permission; Type: TABLE DATA; Schema: public; Owner: postgres
--

COPY public.auth_permission (id, name, content_type_id, codename) FROM stdin;
1	Can add log entry	1	add_logentry
2	Can change log entry	1	change_logentry
3	Can delete log entry	1	delete_logentry
4	Can view log entry	1	view_logentry
5	Can add permission	2	add_permission
6	Can change permission	2	change_permission
7	Can delete permission	2	delete_permission
8	Can view permission	2	view_permission
9	Can add group	3	add_group
10	Can change group	3	change_group
11	Can delete group	3	delete_group
12	Can view group	3	view_group
13	Can add user	4	add_user
14	Can change user	4	change_user
15	Can delete user	4	delete_user
16	Can view user	4	view_user
17	Can add content type	5	add_contenttype
18	Can change content type	5	change_contenttype
19	Can delete content type	5	delete_contenttype
20	Can view content type	5	view_contenttype
21	Can add session	6	add_session
22	Can change session	6	change_session
23	Can delete session	6	delete_session
24	Can view session	6	view_session
25	Can add message	7	add_message
26	Can change message	7	change_message
27	Can delete message	7	delete_message
28	Can view message	7	view_message
29	Can add message version	8	add_messageversion
30	Can change message version	8	change_messageversion
31	Can delete message version	8	delete_messageversion
32	Can view message version	8	view_messageversion
33	Can add sender	9	add_sender
34	Can change sender	9	change_sender
35	Can delete sender	9	delete_sender
36	Can view sender	9	view_sender
37	Can add members	10	add_members
38	Can change members	10	change_members
39	Can delete members	10	delete_members
40	Can view members	10	view_members
41	Can add error	11	add_error
42	Can change error	11	change_error
43	Can delete error	11	delete_error
44	Can view error	11	view_error
45	Can add document fields	12	add_documentfields
46	Can change document fields	12	change_documentfields
47	Can delete document fields	12	delete_documentfields
48	Can view document fields	12	view_documentfields
49	Can add message xml	13	add_messagexml
50	Can change message xml	13	change_messagexml
51	Can delete message xml	13	delete_messagexml
52	Can view message xml	13	view_messagexml
53	Can add operation	14	add_operation
54	Can change operation	14	change_operation
55	Can delete operation	14	delete_operation
56	Can view operation	14	view_operation
57	Can add rule	15	add_rule
58	Can change rule	15	change_rule
59	Can delete rule	15	delete_rule
60	Can view rule	15	view_rule
61	Can add requirement	16	add_requirement
62	Can change requirement	16	change_requirement
63	Can delete requirement	16	delete_requirement
64	Can view requirement	16	view_requirement
65	Can add data format	17	add_dataformat
66	Can change data format	17	change_dataformat
67	Can delete data format	17	delete_dataformat
68	Can view data format	17	view_dataformat
\.


--
-- Data for Name: auth_user; Type: TABLE DATA; Schema: public; Owner: postgres
--

COPY public.auth_user (id, password, last_login, is_superuser, username, first_name, last_name, email, is_staff, is_active, date_joined) FROM stdin;
\.


--
-- Data for Name: auth_user_groups; Type: TABLE DATA; Schema: public; Owner: postgres
--

COPY public.auth_user_groups (id, user_id, group_id) FROM stdin;
\.


--
-- Data for Name: auth_user_user_permissions; Type: TABLE DATA; Schema: public; Owner: postgres
--

COPY public.auth_user_user_permissions (id, user_id, permission_id) FROM stdin;
\.


--
-- Data for Name: django_admin_log; Type: TABLE DATA; Schema: public; Owner: postgres
--

COPY public.django_admin_log (id, action_time, object_id, object_repr, action_flag, change_message, content_type_id, user_id) FROM stdin;
\.


--
-- Data for Name: django_content_type; Type: TABLE DATA; Schema: public; Owner: postgres
--

COPY public.django_content_type (id, app_label, model) FROM stdin;
1	admin	logentry
2	auth	permission
3	auth	group
4	auth	user
5	contenttypes	contenttype
6	sessions	session
7	processing	message
8	processing	messageversion
9	processing	sender
10	processing	members
11	processing	error
12	processing	documentfields
13	processing	messagexml
14	processing	operation
15	processing	rule
16	processing	requirement
17	processing	dataformat
\.


--
-- Data for Name: django_migrations; Type: TABLE DATA; Schema: public; Owner: postgres
--

COPY public.django_migrations (id, app, name, applied) FROM stdin;
1	contenttypes	0001_initial	2025-04-02 09:03:04.275857+00
2	auth	0001_initial	2025-04-02 09:03:04.386277+00
3	admin	0001_initial	2025-04-02 09:03:04.422006+00
4	admin	0002_logentry_remove_auto_add	2025-04-02 09:03:04.434196+00
5	admin	0003_logentry_add_action_flag_choices	2025-04-02 09:03:04.448287+00
6	contenttypes	0002_remove_content_type_name	2025-04-02 09:03:04.481231+00
7	auth	0002_alter_permission_name_max_length	2025-04-02 09:03:04.501371+00
8	auth	0003_alter_user_email_max_length	2025-04-02 09:03:04.520628+00
9	auth	0004_alter_user_username_opts	2025-04-02 09:03:04.539339+00
10	auth	0005_alter_user_last_login_null	2025-04-02 09:03:04.560863+00
11	auth	0006_require_contenttypes_0002	2025-04-02 09:03:04.564957+00
12	auth	0007_alter_validators_add_error_messages	2025-04-02 09:03:04.581288+00
13	auth	0008_alter_user_username_max_length	2025-04-02 09:03:04.603942+00
14	auth	0009_alter_user_last_name_max_length	2025-04-02 09:03:04.616557+00
15	auth	0010_alter_group_name_max_length	2025-04-02 09:03:04.630685+00
16	auth	0011_update_proxy_permissions	2025-04-02 09:03:04.641709+00
17	auth	0012_alter_user_first_name_max_length	2025-04-02 09:03:04.655341+00
18	processing	0001_initial	2025-04-02 09:03:04.849659+00
19	sessions	0001_initial	2025-04-02 09:03:04.867571+00
\.


--
-- Data for Name: django_session; Type: TABLE DATA; Schema: public; Owner: postgres
--

COPY public.django_session (session_key, session_data, expire_date) FROM stdin;
\.


--
-- Data for Name: processing_dataformat; Type: TABLE DATA; Schema: public; Owner: postgres
--

COPY public.processing_dataformat (id, predicate, dataformat, length, "errorTemplate", rule_id) FROM stdin;
\.


--
-- Data for Name: processing_documentfields; Type: TABLE DATA; Schema: public; Owner: postgres
--

COPY public.processing_documentfields (id, field, context, xpath, listmember, tag, description, version_id) FROM stdin;
\.


--
-- Data for Name: processing_error; Type: TABLE DATA; Schema: public; Owner: postgres
--

COPY public.processing_error (id, error_code, error_message, message_id) FROM stdin;
\.


--
-- Data for Name: processing_members; Type: TABLE DATA; Schema: public; Owner: postgres
--

COPY public.processing_members (id, member_name, message_id) FROM stdin;
1	Tech Startup Inc	1
2	Cloud Services Ltd	1
3	Tax Authority	2
4	Company Y	3
5	Company Z	3
6	Tech Startup Inc	4
7	Cloud Services Ltd	4
8	Tax Authority	5
9	Company Y	6
10	Tech Startup Inc	7
11	Company Z	6
12	Cloud Services Ltd	7
13	Tax Authority	8
14	Company Y	9
15	Company Z	9
16	Tech Startup Inc	10
17	Cloud Services Ltd	10
18	Tax Authority	11
19	Company Y	12
20	Tech Startup Inc	13
21	Company Z	12
22	Cloud Services Ltd	13
23	Tax Authority	14
24	Company Y	15
25	Company Z	15
26	Tech Startup Inc	16
27	Cloud Services Ltd	16
28	Company Y	18
29	Tax Authority	17
30	Company Z	18
31	Tech Startup Inc	19
32	Cloud Services Ltd	19
33	Tax Authority	20
34	Company Y	21
35	Company Z	21
36	Tech Startup Inc	22
37	Cloud Services Ltd	22
38	Tax Authority	23
39	Company Y	24
40	Company Z	24
41	Tech Startup Inc	25
42	Cloud Services Ltd	25
43	Tax Authority	26
44	Company Y	27
45	Company Z	27
46	Tech Startup Inc	28
47	Cloud Services Ltd	28
\.


--
-- Data for Name: processing_message; Type: TABLE DATA; Schema: public; Owner: postgres
--

COPY public.processing_message (id, "timestamp", signature, created_at, message_version_id, sender_id) FROM stdin;
1	2025-03-07 12:15:00+00	BASE64_ENCODED_SIGNATURE_5	2025-04-02 10:49:10.706177+00	68	1
2	2025-03-07 10:30:00+00	BASE64_ENCODED_SIGNATURE_4	2025-04-02 10:50:10.682655+00	68	2
3	2025-03-06 14:30:00+00	BASE64_ENCODED_SIGNATURE	2025-04-02 10:50:10.691847+00	68	2
4	2025-03-07 12:15:00+00	BASE64_ENCODED_SIGNATURE_5	2025-04-02 10:50:10.697778+00	68	1
5	2025-03-07 10:30:00+00	BASE64_ENCODED_SIGNATURE_4	2025-04-02 10:51:10.726987+00	68	2
6	2025-03-06 14:30:00+00	BASE64_ENCODED_SIGNATURE	2025-04-02 10:51:10.729913+00	68	2
7	2025-03-07 12:15:00+00	BASE64_ENCODED_SIGNATURE_5	2025-04-02 10:51:10.731996+00	68	1
8	2025-03-07 10:30:00+00	BASE64_ENCODED_SIGNATURE_4	2025-04-02 10:52:10.787847+00	68	2
9	2025-03-06 14:30:00+00	BASE64_ENCODED_SIGNATURE	2025-04-02 10:52:10.791042+00	68	2
10	2025-03-07 12:15:00+00	BASE64_ENCODED_SIGNATURE_5	2025-04-02 10:52:10.795143+00	68	1
11	2025-03-07 10:30:00+00	BASE64_ENCODED_SIGNATURE_4	2025-04-02 10:53:10.835055+00	68	2
12	2025-03-06 14:30:00+00	BASE64_ENCODED_SIGNATURE	2025-04-02 10:53:10.837079+00	68	2
13	2025-03-07 12:15:00+00	BASE64_ENCODED_SIGNATURE_5	2025-04-02 10:53:10.840247+00	68	1
14	2025-03-07 10:30:00+00	BASE64_ENCODED_SIGNATURE_4	2025-04-02 10:54:10.830739+00	68	2
15	2025-03-06 14:30:00+00	BASE64_ENCODED_SIGNATURE	2025-04-02 10:54:10.835522+00	68	2
16	2025-03-07 12:15:00+00	BASE64_ENCODED_SIGNATURE_5	2025-04-02 10:54:10.839999+00	68	1
17	2025-03-07 10:30:00+00	BASE64_ENCODED_SIGNATURE_4	2025-04-02 10:55:10.874625+00	68	2
18	2025-03-06 14:30:00+00	BASE64_ENCODED_SIGNATURE	2025-04-02 10:55:10.87492+00	68	2
19	2025-03-07 12:15:00+00	BASE64_ENCODED_SIGNATURE_5	2025-04-02 10:55:10.877649+00	68	1
20	2025-03-07 10:30:00+00	BASE64_ENCODED_SIGNATURE_4	2025-04-02 10:56:10.886352+00	68	2
21	2025-03-06 14:30:00+00	BASE64_ENCODED_SIGNATURE	2025-04-02 10:56:10.889648+00	68	2
22	2025-03-07 12:15:00+00	BASE64_ENCODED_SIGNATURE_5	2025-04-02 10:56:10.90207+00	68	1
23	2025-03-07 10:30:00+00	BASE64_ENCODED_SIGNATURE_4	2025-04-02 10:57:10.88614+00	68	2
24	2025-03-06 14:30:00+00	BASE64_ENCODED_SIGNATURE	2025-04-02 10:57:10.88918+00	68	2
25	2025-03-07 12:15:00+00	BASE64_ENCODED_SIGNATURE_5	2025-04-02 10:57:10.89322+00	68	1
26	2025-03-07 10:30:00+00	BASE64_ENCODED_SIGNATURE_4	2025-04-02 10:58:10.897858+00	68	2
27	2025-03-06 14:30:00+00	BASE64_ENCODED_SIGNATURE	2025-04-02 10:58:10.900946+00	68	2
28	2025-03-07 12:15:00+00	BASE64_ENCODED_SIGNATURE_5	2025-04-02 10:58:10.903695+00	68	1
\.


--
-- Data for Name: processing_messageversion; Type: TABLE DATA; Schema: public; Owner: postgres
--

COPY public.processing_messageversion (id, version_code, "xmlSchema") FROM stdin;
68	1.0	\N
\.


--
-- Data for Name: processing_messagexml; Type: TABLE DATA; Schema: public; Owner: postgres
--

COPY public.processing_messagexml (id, xml_content, xml_url_link, message_id) FROM stdin;
1	<ExportData>\n    <Version>1.0</Version>\n    <DocumentID>222b333c-444d-555e-666f-777g888h999i</DocumentID>\n    <TimeStamp>2025-03-07T12:15:00</TimeStamp>\n    <SignedData>\n        <Signature>BASE64_ENCODED_SIGNATURE_5</Signature>\n    </SignedData>\n    <Sender>\n        <SenderID>1402</SenderID>\n        <SenderName>Cloud Services Ltd</SenderName>\n        <SenderINN>1122334455</SenderINN>\n    </Sender>\n    <MessageInfo>\n        <MessageType>ServiceSubscription</MessageType>\n        <MessageDate>2025-03-07</MessageDate>\n        <TransportType>3</TransportType>\n    </MessageInfo>\n    <Members>\n        <Member>\n            <MemberID>7001</MemberID>\n            <MemberName>Tech Startup Inc</MemberName>\n            <MemberRole>Subscriber</MemberRole>\n        </Member>\n        <Member>\n            <MemberID>7002</MemberID>\n            <MemberName>Cloud Services Ltd</MemberName>\n            <MemberRole>Provider</MemberRole>\n        </Member>\n    </Members>\n    <Operation>\n        <OperationID>11001</OperationID>\n        <TransactionDate>2025-03-06</TransactionDate>\n        <Amount>499.99</Amount>\n        <Currency>USD</Currency>\n        <OperationType>SubscriptionFee</OperationType>\n    </Operation>\n</ExportData>	doc.222b333c-444d-555e-666f-777g888h999i.xml	1
2	<ExportData>\n    <Version>1.0</Version>\n    <DocumentID>999e888f-777g-666h-555i-444j333k222l</DocumentID>\n    <TimeStamp>2025-03-07T10:30:00</TimeStamp>\n    <SignedData>\n        <Signature>BASE64_ENCODED_SIGNATURE_4</Signature>\n    </SignedData>\n    <Sender>\n        <SenderID>1301</SenderID>\n        <SenderName>John Doe</SenderName>\n        <SenderINN>9876543210</SenderINN>\n    </Sender>\n    <MessageInfo>\n        <MessageType>TaxPayment</MessageType>\n        <MessageDate>2025-03-07</MessageDate>\n        <TransportType>1</TransportType>\n    </MessageInfo>\n    <Members>\n        <Member>\n            <MemberID>6001</MemberID>\n            <MemberName>Tax Authority</MemberName>\n            <MemberRole>Recipient</MemberRole>\n        </Member>\n    </Members>\n    <Operation>\n        <OperationID>10001</OperationID>\n        <TransactionDate>2025-03-06</TransactionDate>\n        <Amount>2500.00</Amount>\n        <Currency>EUR</Currency>\n        <OperationType>TaxPayment</OperationType>\n    </Operation>\n</ExportData>	doc.999e888f-777g-666h-555i-444j333k222l.xml	2
3	<ExportData>\n    <Version>1.0</Version>\n    <DocumentID>123e4567-e89b-12d3-a456-426614174000</DocumentID>\n    <TimeStamp>2025-03-06T14:30:00</TimeStamp>\n    <SignedData>\n        <Signature>BASE64_ENCODED_SIGNATURE</Signature>\n    </SignedData>\n    <Sender>\n        <SenderID>1002</SenderID>\n        <SenderName>Company X</SenderName>\n        <SenderINN>9876543210</SenderINN>\n    </Sender>\n    <MessageInfo>\n        <MessageType>Invoice</MessageType>\n        <MessageDate>2025-03-06</MessageDate>\n        <TransportType>1</TransportType>\n    </MessageInfo>\n    <Members>\n        <Member>\n            <MemberID>3001</MemberID>\n            <MemberName>Company Y</MemberName>\n            <MemberRole>Supplier</MemberRole>\n        </Member>\n        <Member>\n            <MemberID>3002</MemberID>\n            <MemberName>Company Z</MemberName>\n            <MemberRole>Customer</MemberRole>\n        </Member>\n    </Members>\n    <Operation>\n        <OperationID>7001</OperationID>\n        <TransactionDate>2025-03-05</TransactionDate>\n        <Amount>5000.00</Amount>\n        <Currency>EUR</Currency>\n        <OperationType>Refund</OperationType>\n    </Operation>\n</ExportData>	doc.123e4567-e89b-12d3-a456-426614174000.xml	3
4	<ExportData>\n    <Version>1.0</Version>\n    <DocumentID>222b333c-444d-555e-666f-777g888h999i</DocumentID>\n    <TimeStamp>2025-03-07T12:15:00</TimeStamp>\n    <SignedData>\n        <Signature>BASE64_ENCODED_SIGNATURE_5</Signature>\n    </SignedData>\n    <Sender>\n        <SenderID>1402</SenderID>\n        <SenderName>Cloud Services Ltd</SenderName>\n        <SenderINN>1122334455</SenderINN>\n    </Sender>\n    <MessageInfo>\n        <MessageType>ServiceSubscription</MessageType>\n        <MessageDate>2025-03-07</MessageDate>\n        <TransportType>3</TransportType>\n    </MessageInfo>\n    <Members>\n        <Member>\n            <MemberID>7001</MemberID>\n            <MemberName>Tech Startup Inc</MemberName>\n            <MemberRole>Subscriber</MemberRole>\n        </Member>\n        <Member>\n            <MemberID>7002</MemberID>\n            <MemberName>Cloud Services Ltd</MemberName>\n            <MemberRole>Provider</MemberRole>\n        </Member>\n    </Members>\n    <Operation>\n        <OperationID>11001</OperationID>\n        <TransactionDate>2025-03-06</TransactionDate>\n        <Amount>499.99</Amount>\n        <Currency>USD</Currency>\n        <OperationType>SubscriptionFee</OperationType>\n    </Operation>\n</ExportData>	doc.222b333c-444d-555e-666f-777g888h999i.xml	4
5	<ExportData>\n    <Version>1.0</Version>\n    <DocumentID>999e888f-777g-666h-555i-444j333k222l</DocumentID>\n    <TimeStamp>2025-03-07T10:30:00</TimeStamp>\n    <SignedData>\n        <Signature>BASE64_ENCODED_SIGNATURE_4</Signature>\n    </SignedData>\n    <Sender>\n        <SenderID>1301</SenderID>\n        <SenderName>John Doe</SenderName>\n        <SenderINN>9876543210</SenderINN>\n    </Sender>\n    <MessageInfo>\n        <MessageType>TaxPayment</MessageType>\n        <MessageDate>2025-03-07</MessageDate>\n        <TransportType>1</TransportType>\n    </MessageInfo>\n    <Members>\n        <Member>\n            <MemberID>6001</MemberID>\n            <MemberName>Tax Authority</MemberName>\n            <MemberRole>Recipient</MemberRole>\n        </Member>\n    </Members>\n    <Operation>\n        <OperationID>10001</OperationID>\n        <TransactionDate>2025-03-06</TransactionDate>\n        <Amount>2500.00</Amount>\n        <Currency>EUR</Currency>\n        <OperationType>TaxPayment</OperationType>\n    </Operation>\n</ExportData>	doc.999e888f-777g-666h-555i-444j333k222l.xml	5
6	<ExportData>\n    <Version>1.0</Version>\n    <DocumentID>123e4567-e89b-12d3-a456-426614174000</DocumentID>\n    <TimeStamp>2025-03-06T14:30:00</TimeStamp>\n    <SignedData>\n        <Signature>BASE64_ENCODED_SIGNATURE</Signature>\n    </SignedData>\n    <Sender>\n        <SenderID>1002</SenderID>\n        <SenderName>Company X</SenderName>\n        <SenderINN>9876543210</SenderINN>\n    </Sender>\n    <MessageInfo>\n        <MessageType>Invoice</MessageType>\n        <MessageDate>2025-03-06</MessageDate>\n        <TransportType>1</TransportType>\n    </MessageInfo>\n    <Members>\n        <Member>\n            <MemberID>3001</MemberID>\n            <MemberName>Company Y</MemberName>\n            <MemberRole>Supplier</MemberRole>\n        </Member>\n        <Member>\n            <MemberID>3002</MemberID>\n            <MemberName>Company Z</MemberName>\n            <MemberRole>Customer</MemberRole>\n        </Member>\n    </Members>\n    <Operation>\n        <OperationID>7001</OperationID>\n        <TransactionDate>2025-03-05</TransactionDate>\n        <Amount>5000.00</Amount>\n        <Currency>EUR</Currency>\n        <OperationType>Refund</OperationType>\n    </Operation>\n</ExportData>	doc.123e4567-e89b-12d3-a456-426614174000.xml	6
7	<ExportData>\n    <Version>1.0</Version>\n    <DocumentID>222b333c-444d-555e-666f-777g888h999i</DocumentID>\n    <TimeStamp>2025-03-07T12:15:00</TimeStamp>\n    <SignedData>\n        <Signature>BASE64_ENCODED_SIGNATURE_5</Signature>\n    </SignedData>\n    <Sender>\n        <SenderID>1402</SenderID>\n        <SenderName>Cloud Services Ltd</SenderName>\n        <SenderINN>1122334455</SenderINN>\n    </Sender>\n    <MessageInfo>\n        <MessageType>ServiceSubscription</MessageType>\n        <MessageDate>2025-03-07</MessageDate>\n        <TransportType>3</TransportType>\n    </MessageInfo>\n    <Members>\n        <Member>\n            <MemberID>7001</MemberID>\n            <MemberName>Tech Startup Inc</MemberName>\n            <MemberRole>Subscriber</MemberRole>\n        </Member>\n        <Member>\n            <MemberID>7002</MemberID>\n            <MemberName>Cloud Services Ltd</MemberName>\n            <MemberRole>Provider</MemberRole>\n        </Member>\n    </Members>\n    <Operation>\n        <OperationID>11001</OperationID>\n        <TransactionDate>2025-03-06</TransactionDate>\n        <Amount>499.99</Amount>\n        <Currency>USD</Currency>\n        <OperationType>SubscriptionFee</OperationType>\n    </Operation>\n</ExportData>	doc.222b333c-444d-555e-666f-777g888h999i.xml	7
8	<ExportData>\n    <Version>1.0</Version>\n    <DocumentID>999e888f-777g-666h-555i-444j333k222l</DocumentID>\n    <TimeStamp>2025-03-07T10:30:00</TimeStamp>\n    <SignedData>\n        <Signature>BASE64_ENCODED_SIGNATURE_4</Signature>\n    </SignedData>\n    <Sender>\n        <SenderID>1301</SenderID>\n        <SenderName>John Doe</SenderName>\n        <SenderINN>9876543210</SenderINN>\n    </Sender>\n    <MessageInfo>\n        <MessageType>TaxPayment</MessageType>\n        <MessageDate>2025-03-07</MessageDate>\n        <TransportType>1</TransportType>\n    </MessageInfo>\n    <Members>\n        <Member>\n            <MemberID>6001</MemberID>\n            <MemberName>Tax Authority</MemberName>\n            <MemberRole>Recipient</MemberRole>\n        </Member>\n    </Members>\n    <Operation>\n        <OperationID>10001</OperationID>\n        <TransactionDate>2025-03-06</TransactionDate>\n        <Amount>2500.00</Amount>\n        <Currency>EUR</Currency>\n        <OperationType>TaxPayment</OperationType>\n    </Operation>\n</ExportData>	doc.999e888f-777g-666h-555i-444j333k222l.xml	8
9	<ExportData>\n    <Version>1.0</Version>\n    <DocumentID>123e4567-e89b-12d3-a456-426614174000</DocumentID>\n    <TimeStamp>2025-03-06T14:30:00</TimeStamp>\n    <SignedData>\n        <Signature>BASE64_ENCODED_SIGNATURE</Signature>\n    </SignedData>\n    <Sender>\n        <SenderID>1002</SenderID>\n        <SenderName>Company X</SenderName>\n        <SenderINN>9876543210</SenderINN>\n    </Sender>\n    <MessageInfo>\n        <MessageType>Invoice</MessageType>\n        <MessageDate>2025-03-06</MessageDate>\n        <TransportType>1</TransportType>\n    </MessageInfo>\n    <Members>\n        <Member>\n            <MemberID>3001</MemberID>\n            <MemberName>Company Y</MemberName>\n            <MemberRole>Supplier</MemberRole>\n        </Member>\n        <Member>\n            <MemberID>3002</MemberID>\n            <MemberName>Company Z</MemberName>\n            <MemberRole>Customer</MemberRole>\n        </Member>\n    </Members>\n    <Operation>\n        <OperationID>7001</OperationID>\n        <TransactionDate>2025-03-05</TransactionDate>\n        <Amount>5000.00</Amount>\n        <Currency>EUR</Currency>\n        <OperationType>Refund</OperationType>\n    </Operation>\n</ExportData>	doc.123e4567-e89b-12d3-a456-426614174000.xml	9
10	<ExportData>\n    <Version>1.0</Version>\n    <DocumentID>222b333c-444d-555e-666f-777g888h999i</DocumentID>\n    <TimeStamp>2025-03-07T12:15:00</TimeStamp>\n    <SignedData>\n        <Signature>BASE64_ENCODED_SIGNATURE_5</Signature>\n    </SignedData>\n    <Sender>\n        <SenderID>1402</SenderID>\n        <SenderName>Cloud Services Ltd</SenderName>\n        <SenderINN>1122334455</SenderINN>\n    </Sender>\n    <MessageInfo>\n        <MessageType>ServiceSubscription</MessageType>\n        <MessageDate>2025-03-07</MessageDate>\n        <TransportType>3</TransportType>\n    </MessageInfo>\n    <Members>\n        <Member>\n            <MemberID>7001</MemberID>\n            <MemberName>Tech Startup Inc</MemberName>\n            <MemberRole>Subscriber</MemberRole>\n        </Member>\n        <Member>\n            <MemberID>7002</MemberID>\n            <MemberName>Cloud Services Ltd</MemberName>\n            <MemberRole>Provider</MemberRole>\n        </Member>\n    </Members>\n    <Operation>\n        <OperationID>11001</OperationID>\n        <TransactionDate>2025-03-06</TransactionDate>\n        <Amount>499.99</Amount>\n        <Currency>USD</Currency>\n        <OperationType>SubscriptionFee</OperationType>\n    </Operation>\n</ExportData>	doc.222b333c-444d-555e-666f-777g888h999i.xml	10
11	<ExportData>\n    <Version>1.0</Version>\n    <DocumentID>999e888f-777g-666h-555i-444j333k222l</DocumentID>\n    <TimeStamp>2025-03-07T10:30:00</TimeStamp>\n    <SignedData>\n        <Signature>BASE64_ENCODED_SIGNATURE_4</Signature>\n    </SignedData>\n    <Sender>\n        <SenderID>1301</SenderID>\n        <SenderName>John Doe</SenderName>\n        <SenderINN>9876543210</SenderINN>\n    </Sender>\n    <MessageInfo>\n        <MessageType>TaxPayment</MessageType>\n        <MessageDate>2025-03-07</MessageDate>\n        <TransportType>1</TransportType>\n    </MessageInfo>\n    <Members>\n        <Member>\n            <MemberID>6001</MemberID>\n            <MemberName>Tax Authority</MemberName>\n            <MemberRole>Recipient</MemberRole>\n        </Member>\n    </Members>\n    <Operation>\n        <OperationID>10001</OperationID>\n        <TransactionDate>2025-03-06</TransactionDate>\n        <Amount>2500.00</Amount>\n        <Currency>EUR</Currency>\n        <OperationType>TaxPayment</OperationType>\n    </Operation>\n</ExportData>	doc.999e888f-777g-666h-555i-444j333k222l.xml	11
12	<ExportData>\n    <Version>1.0</Version>\n    <DocumentID>123e4567-e89b-12d3-a456-426614174000</DocumentID>\n    <TimeStamp>2025-03-06T14:30:00</TimeStamp>\n    <SignedData>\n        <Signature>BASE64_ENCODED_SIGNATURE</Signature>\n    </SignedData>\n    <Sender>\n        <SenderID>1002</SenderID>\n        <SenderName>Company X</SenderName>\n        <SenderINN>9876543210</SenderINN>\n    </Sender>\n    <MessageInfo>\n        <MessageType>Invoice</MessageType>\n        <MessageDate>2025-03-06</MessageDate>\n        <TransportType>1</TransportType>\n    </MessageInfo>\n    <Members>\n        <Member>\n            <MemberID>3001</MemberID>\n            <MemberName>Company Y</MemberName>\n            <MemberRole>Supplier</MemberRole>\n        </Member>\n        <Member>\n            <MemberID>3002</MemberID>\n            <MemberName>Company Z</MemberName>\n            <MemberRole>Customer</MemberRole>\n        </Member>\n    </Members>\n    <Operation>\n        <OperationID>7001</OperationID>\n        <TransactionDate>2025-03-05</TransactionDate>\n        <Amount>5000.00</Amount>\n        <Currency>EUR</Currency>\n        <OperationType>Refund</OperationType>\n    </Operation>\n</ExportData>	doc.123e4567-e89b-12d3-a456-426614174000.xml	12
13	<ExportData>\n    <Version>1.0</Version>\n    <DocumentID>222b333c-444d-555e-666f-777g888h999i</DocumentID>\n    <TimeStamp>2025-03-07T12:15:00</TimeStamp>\n    <SignedData>\n        <Signature>BASE64_ENCODED_SIGNATURE_5</Signature>\n    </SignedData>\n    <Sender>\n        <SenderID>1402</SenderID>\n        <SenderName>Cloud Services Ltd</SenderName>\n        <SenderINN>1122334455</SenderINN>\n    </Sender>\n    <MessageInfo>\n        <MessageType>ServiceSubscription</MessageType>\n        <MessageDate>2025-03-07</MessageDate>\n        <TransportType>3</TransportType>\n    </MessageInfo>\n    <Members>\n        <Member>\n            <MemberID>7001</MemberID>\n            <MemberName>Tech Startup Inc</MemberName>\n            <MemberRole>Subscriber</MemberRole>\n        </Member>\n        <Member>\n            <MemberID>7002</MemberID>\n            <MemberName>Cloud Services Ltd</MemberName>\n            <MemberRole>Provider</MemberRole>\n        </Member>\n    </Members>\n    <Operation>\n        <OperationID>11001</OperationID>\n        <TransactionDate>2025-03-06</TransactionDate>\n        <Amount>499.99</Amount>\n        <Currency>USD</Currency>\n        <OperationType>SubscriptionFee</OperationType>\n    </Operation>\n</ExportData>	doc.222b333c-444d-555e-666f-777g888h999i.xml	13
14	<ExportData>\n    <Version>1.0</Version>\n    <DocumentID>999e888f-777g-666h-555i-444j333k222l</DocumentID>\n    <TimeStamp>2025-03-07T10:30:00</TimeStamp>\n    <SignedData>\n        <Signature>BASE64_ENCODED_SIGNATURE_4</Signature>\n    </SignedData>\n    <Sender>\n        <SenderID>1301</SenderID>\n        <SenderName>John Doe</SenderName>\n        <SenderINN>9876543210</SenderINN>\n    </Sender>\n    <MessageInfo>\n        <MessageType>TaxPayment</MessageType>\n        <MessageDate>2025-03-07</MessageDate>\n        <TransportType>1</TransportType>\n    </MessageInfo>\n    <Members>\n        <Member>\n            <MemberID>6001</MemberID>\n            <MemberName>Tax Authority</MemberName>\n            <MemberRole>Recipient</MemberRole>\n        </Member>\n    </Members>\n    <Operation>\n        <OperationID>10001</OperationID>\n        <TransactionDate>2025-03-06</TransactionDate>\n        <Amount>2500.00</Amount>\n        <Currency>EUR</Currency>\n        <OperationType>TaxPayment</OperationType>\n    </Operation>\n</ExportData>	doc.999e888f-777g-666h-555i-444j333k222l.xml	14
15	<ExportData>\n    <Version>1.0</Version>\n    <DocumentID>123e4567-e89b-12d3-a456-426614174000</DocumentID>\n    <TimeStamp>2025-03-06T14:30:00</TimeStamp>\n    <SignedData>\n        <Signature>BASE64_ENCODED_SIGNATURE</Signature>\n    </SignedData>\n    <Sender>\n        <SenderID>1002</SenderID>\n        <SenderName>Company X</SenderName>\n        <SenderINN>9876543210</SenderINN>\n    </Sender>\n    <MessageInfo>\n        <MessageType>Invoice</MessageType>\n        <MessageDate>2025-03-06</MessageDate>\n        <TransportType>1</TransportType>\n    </MessageInfo>\n    <Members>\n        <Member>\n            <MemberID>3001</MemberID>\n            <MemberName>Company Y</MemberName>\n            <MemberRole>Supplier</MemberRole>\n        </Member>\n        <Member>\n            <MemberID>3002</MemberID>\n            <MemberName>Company Z</MemberName>\n            <MemberRole>Customer</MemberRole>\n        </Member>\n    </Members>\n    <Operation>\n        <OperationID>7001</OperationID>\n        <TransactionDate>2025-03-05</TransactionDate>\n        <Amount>5000.00</Amount>\n        <Currency>EUR</Currency>\n        <OperationType>Refund</OperationType>\n    </Operation>\n</ExportData>	doc.123e4567-e89b-12d3-a456-426614174000.xml	15
16	<ExportData>\n    <Version>1.0</Version>\n    <DocumentID>222b333c-444d-555e-666f-777g888h999i</DocumentID>\n    <TimeStamp>2025-03-07T12:15:00</TimeStamp>\n    <SignedData>\n        <Signature>BASE64_ENCODED_SIGNATURE_5</Signature>\n    </SignedData>\n    <Sender>\n        <SenderID>1402</SenderID>\n        <SenderName>Cloud Services Ltd</SenderName>\n        <SenderINN>1122334455</SenderINN>\n    </Sender>\n    <MessageInfo>\n        <MessageType>ServiceSubscription</MessageType>\n        <MessageDate>2025-03-07</MessageDate>\n        <TransportType>3</TransportType>\n    </MessageInfo>\n    <Members>\n        <Member>\n            <MemberID>7001</MemberID>\n            <MemberName>Tech Startup Inc</MemberName>\n            <MemberRole>Subscriber</MemberRole>\n        </Member>\n        <Member>\n            <MemberID>7002</MemberID>\n            <MemberName>Cloud Services Ltd</MemberName>\n            <MemberRole>Provider</MemberRole>\n        </Member>\n    </Members>\n    <Operation>\n        <OperationID>11001</OperationID>\n        <TransactionDate>2025-03-06</TransactionDate>\n        <Amount>499.99</Amount>\n        <Currency>USD</Currency>\n        <OperationType>SubscriptionFee</OperationType>\n    </Operation>\n</ExportData>	doc.222b333c-444d-555e-666f-777g888h999i.xml	16
17	<ExportData>\n    <Version>1.0</Version>\n    <DocumentID>999e888f-777g-666h-555i-444j333k222l</DocumentID>\n    <TimeStamp>2025-03-07T10:30:00</TimeStamp>\n    <SignedData>\n        <Signature>BASE64_ENCODED_SIGNATURE_4</Signature>\n    </SignedData>\n    <Sender>\n        <SenderID>1301</SenderID>\n        <SenderName>John Doe</SenderName>\n        <SenderINN>9876543210</SenderINN>\n    </Sender>\n    <MessageInfo>\n        <MessageType>TaxPayment</MessageType>\n        <MessageDate>2025-03-07</MessageDate>\n        <TransportType>1</TransportType>\n    </MessageInfo>\n    <Members>\n        <Member>\n            <MemberID>6001</MemberID>\n            <MemberName>Tax Authority</MemberName>\n            <MemberRole>Recipient</MemberRole>\n        </Member>\n    </Members>\n    <Operation>\n        <OperationID>10001</OperationID>\n        <TransactionDate>2025-03-06</TransactionDate>\n        <Amount>2500.00</Amount>\n        <Currency>EUR</Currency>\n        <OperationType>TaxPayment</OperationType>\n    </Operation>\n</ExportData>	doc.999e888f-777g-666h-555i-444j333k222l.xml	17
18	<ExportData>\n    <Version>1.0</Version>\n    <DocumentID>123e4567-e89b-12d3-a456-426614174000</DocumentID>\n    <TimeStamp>2025-03-06T14:30:00</TimeStamp>\n    <SignedData>\n        <Signature>BASE64_ENCODED_SIGNATURE</Signature>\n    </SignedData>\n    <Sender>\n        <SenderID>1002</SenderID>\n        <SenderName>Company X</SenderName>\n        <SenderINN>9876543210</SenderINN>\n    </Sender>\n    <MessageInfo>\n        <MessageType>Invoice</MessageType>\n        <MessageDate>2025-03-06</MessageDate>\n        <TransportType>1</TransportType>\n    </MessageInfo>\n    <Members>\n        <Member>\n            <MemberID>3001</MemberID>\n            <MemberName>Company Y</MemberName>\n            <MemberRole>Supplier</MemberRole>\n        </Member>\n        <Member>\n            <MemberID>3002</MemberID>\n            <MemberName>Company Z</MemberName>\n            <MemberRole>Customer</MemberRole>\n        </Member>\n    </Members>\n    <Operation>\n        <OperationID>7001</OperationID>\n        <TransactionDate>2025-03-05</TransactionDate>\n        <Amount>5000.00</Amount>\n        <Currency>EUR</Currency>\n        <OperationType>Refund</OperationType>\n    </Operation>\n</ExportData>	doc.123e4567-e89b-12d3-a456-426614174000.xml	18
19	<ExportData>\n    <Version>1.0</Version>\n    <DocumentID>222b333c-444d-555e-666f-777g888h999i</DocumentID>\n    <TimeStamp>2025-03-07T12:15:00</TimeStamp>\n    <SignedData>\n        <Signature>BASE64_ENCODED_SIGNATURE_5</Signature>\n    </SignedData>\n    <Sender>\n        <SenderID>1402</SenderID>\n        <SenderName>Cloud Services Ltd</SenderName>\n        <SenderINN>1122334455</SenderINN>\n    </Sender>\n    <MessageInfo>\n        <MessageType>ServiceSubscription</MessageType>\n        <MessageDate>2025-03-07</MessageDate>\n        <TransportType>3</TransportType>\n    </MessageInfo>\n    <Members>\n        <Member>\n            <MemberID>7001</MemberID>\n            <MemberName>Tech Startup Inc</MemberName>\n            <MemberRole>Subscriber</MemberRole>\n        </Member>\n        <Member>\n            <MemberID>7002</MemberID>\n            <MemberName>Cloud Services Ltd</MemberName>\n            <MemberRole>Provider</MemberRole>\n        </Member>\n    </Members>\n    <Operation>\n        <OperationID>11001</OperationID>\n        <TransactionDate>2025-03-06</TransactionDate>\n        <Amount>499.99</Amount>\n        <Currency>USD</Currency>\n        <OperationType>SubscriptionFee</OperationType>\n    </Operation>\n</ExportData>	doc.222b333c-444d-555e-666f-777g888h999i.xml	19
20	<ExportData>\n    <Version>1.0</Version>\n    <DocumentID>999e888f-777g-666h-555i-444j333k222l</DocumentID>\n    <TimeStamp>2025-03-07T10:30:00</TimeStamp>\n    <SignedData>\n        <Signature>BASE64_ENCODED_SIGNATURE_4</Signature>\n    </SignedData>\n    <Sender>\n        <SenderID>1301</SenderID>\n        <SenderName>John Doe</SenderName>\n        <SenderINN>9876543210</SenderINN>\n    </Sender>\n    <MessageInfo>\n        <MessageType>TaxPayment</MessageType>\n        <MessageDate>2025-03-07</MessageDate>\n        <TransportType>1</TransportType>\n    </MessageInfo>\n    <Members>\n        <Member>\n            <MemberID>6001</MemberID>\n            <MemberName>Tax Authority</MemberName>\n            <MemberRole>Recipient</MemberRole>\n        </Member>\n    </Members>\n    <Operation>\n        <OperationID>10001</OperationID>\n        <TransactionDate>2025-03-06</TransactionDate>\n        <Amount>2500.00</Amount>\n        <Currency>EUR</Currency>\n        <OperationType>TaxPayment</OperationType>\n    </Operation>\n</ExportData>	doc.999e888f-777g-666h-555i-444j333k222l.xml	20
21	<ExportData>\n    <Version>1.0</Version>\n    <DocumentID>123e4567-e89b-12d3-a456-426614174000</DocumentID>\n    <TimeStamp>2025-03-06T14:30:00</TimeStamp>\n    <SignedData>\n        <Signature>BASE64_ENCODED_SIGNATURE</Signature>\n    </SignedData>\n    <Sender>\n        <SenderID>1002</SenderID>\n        <SenderName>Company X</SenderName>\n        <SenderINN>9876543210</SenderINN>\n    </Sender>\n    <MessageInfo>\n        <MessageType>Invoice</MessageType>\n        <MessageDate>2025-03-06</MessageDate>\n        <TransportType>1</TransportType>\n    </MessageInfo>\n    <Members>\n        <Member>\n            <MemberID>3001</MemberID>\n            <MemberName>Company Y</MemberName>\n            <MemberRole>Supplier</MemberRole>\n        </Member>\n        <Member>\n            <MemberID>3002</MemberID>\n            <MemberName>Company Z</MemberName>\n            <MemberRole>Customer</MemberRole>\n        </Member>\n    </Members>\n    <Operation>\n        <OperationID>7001</OperationID>\n        <TransactionDate>2025-03-05</TransactionDate>\n        <Amount>5000.00</Amount>\n        <Currency>EUR</Currency>\n        <OperationType>Refund</OperationType>\n    </Operation>\n</ExportData>	doc.123e4567-e89b-12d3-a456-426614174000.xml	21
22	<ExportData>\n    <Version>1.0</Version>\n    <DocumentID>222b333c-444d-555e-666f-777g888h999i</DocumentID>\n    <TimeStamp>2025-03-07T12:15:00</TimeStamp>\n    <SignedData>\n        <Signature>BASE64_ENCODED_SIGNATURE_5</Signature>\n    </SignedData>\n    <Sender>\n        <SenderID>1402</SenderID>\n        <SenderName>Cloud Services Ltd</SenderName>\n        <SenderINN>1122334455</SenderINN>\n    </Sender>\n    <MessageInfo>\n        <MessageType>ServiceSubscription</MessageType>\n        <MessageDate>2025-03-07</MessageDate>\n        <TransportType>3</TransportType>\n    </MessageInfo>\n    <Members>\n        <Member>\n            <MemberID>7001</MemberID>\n            <MemberName>Tech Startup Inc</MemberName>\n            <MemberRole>Subscriber</MemberRole>\n        </Member>\n        <Member>\n            <MemberID>7002</MemberID>\n            <MemberName>Cloud Services Ltd</MemberName>\n            <MemberRole>Provider</MemberRole>\n        </Member>\n    </Members>\n    <Operation>\n        <OperationID>11001</OperationID>\n        <TransactionDate>2025-03-06</TransactionDate>\n        <Amount>499.99</Amount>\n        <Currency>USD</Currency>\n        <OperationType>SubscriptionFee</OperationType>\n    </Operation>\n</ExportData>	doc.222b333c-444d-555e-666f-777g888h999i.xml	22
23	<ExportData>\n    <Version>1.0</Version>\n    <DocumentID>999e888f-777g-666h-555i-444j333k222l</DocumentID>\n    <TimeStamp>2025-03-07T10:30:00</TimeStamp>\n    <SignedData>\n        <Signature>BASE64_ENCODED_SIGNATURE_4</Signature>\n    </SignedData>\n    <Sender>\n        <SenderID>1301</SenderID>\n        <SenderName>John Doe</SenderName>\n        <SenderINN>9876543210</SenderINN>\n    </Sender>\n    <MessageInfo>\n        <MessageType>TaxPayment</MessageType>\n        <MessageDate>2025-03-07</MessageDate>\n        <TransportType>1</TransportType>\n    </MessageInfo>\n    <Members>\n        <Member>\n            <MemberID>6001</MemberID>\n            <MemberName>Tax Authority</MemberName>\n            <MemberRole>Recipient</MemberRole>\n        </Member>\n    </Members>\n    <Operation>\n        <OperationID>10001</OperationID>\n        <TransactionDate>2025-03-06</TransactionDate>\n        <Amount>2500.00</Amount>\n        <Currency>EUR</Currency>\n        <OperationType>TaxPayment</OperationType>\n    </Operation>\n</ExportData>	doc.999e888f-777g-666h-555i-444j333k222l.xml	23
24	<ExportData>\n    <Version>1.0</Version>\n    <DocumentID>123e4567-e89b-12d3-a456-426614174000</DocumentID>\n    <TimeStamp>2025-03-06T14:30:00</TimeStamp>\n    <SignedData>\n        <Signature>BASE64_ENCODED_SIGNATURE</Signature>\n    </SignedData>\n    <Sender>\n        <SenderID>1002</SenderID>\n        <SenderName>Company X</SenderName>\n        <SenderINN>9876543210</SenderINN>\n    </Sender>\n    <MessageInfo>\n        <MessageType>Invoice</MessageType>\n        <MessageDate>2025-03-06</MessageDate>\n        <TransportType>1</TransportType>\n    </MessageInfo>\n    <Members>\n        <Member>\n            <MemberID>3001</MemberID>\n            <MemberName>Company Y</MemberName>\n            <MemberRole>Supplier</MemberRole>\n        </Member>\n        <Member>\n            <MemberID>3002</MemberID>\n            <MemberName>Company Z</MemberName>\n            <MemberRole>Customer</MemberRole>\n        </Member>\n    </Members>\n    <Operation>\n        <OperationID>7001</OperationID>\n        <TransactionDate>2025-03-05</TransactionDate>\n        <Amount>5000.00</Amount>\n        <Currency>EUR</Currency>\n        <OperationType>Refund</OperationType>\n    </Operation>\n</ExportData>	doc.123e4567-e89b-12d3-a456-426614174000.xml	24
25	<ExportData>\n    <Version>1.0</Version>\n    <DocumentID>222b333c-444d-555e-666f-777g888h999i</DocumentID>\n    <TimeStamp>2025-03-07T12:15:00</TimeStamp>\n    <SignedData>\n        <Signature>BASE64_ENCODED_SIGNATURE_5</Signature>\n    </SignedData>\n    <Sender>\n        <SenderID>1402</SenderID>\n        <SenderName>Cloud Services Ltd</SenderName>\n        <SenderINN>1122334455</SenderINN>\n    </Sender>\n    <MessageInfo>\n        <MessageType>ServiceSubscription</MessageType>\n        <MessageDate>2025-03-07</MessageDate>\n        <TransportType>3</TransportType>\n    </MessageInfo>\n    <Members>\n        <Member>\n            <MemberID>7001</MemberID>\n            <MemberName>Tech Startup Inc</MemberName>\n            <MemberRole>Subscriber</MemberRole>\n        </Member>\n        <Member>\n            <MemberID>7002</MemberID>\n            <MemberName>Cloud Services Ltd</MemberName>\n            <MemberRole>Provider</MemberRole>\n        </Member>\n    </Members>\n    <Operation>\n        <OperationID>11001</OperationID>\n        <TransactionDate>2025-03-06</TransactionDate>\n        <Amount>499.99</Amount>\n        <Currency>USD</Currency>\n        <OperationType>SubscriptionFee</OperationType>\n    </Operation>\n</ExportData>	doc.222b333c-444d-555e-666f-777g888h999i.xml	25
26	<ExportData>\n    <Version>1.0</Version>\n    <DocumentID>999e888f-777g-666h-555i-444j333k222l</DocumentID>\n    <TimeStamp>2025-03-07T10:30:00</TimeStamp>\n    <SignedData>\n        <Signature>BASE64_ENCODED_SIGNATURE_4</Signature>\n    </SignedData>\n    <Sender>\n        <SenderID>1301</SenderID>\n        <SenderName>John Doe</SenderName>\n        <SenderINN>9876543210</SenderINN>\n    </Sender>\n    <MessageInfo>\n        <MessageType>TaxPayment</MessageType>\n        <MessageDate>2025-03-07</MessageDate>\n        <TransportType>1</TransportType>\n    </MessageInfo>\n    <Members>\n        <Member>\n            <MemberID>6001</MemberID>\n            <MemberName>Tax Authority</MemberName>\n            <MemberRole>Recipient</MemberRole>\n        </Member>\n    </Members>\n    <Operation>\n        <OperationID>10001</OperationID>\n        <TransactionDate>2025-03-06</TransactionDate>\n        <Amount>2500.00</Amount>\n        <Currency>EUR</Currency>\n        <OperationType>TaxPayment</OperationType>\n    </Operation>\n</ExportData>	doc.999e888f-777g-666h-555i-444j333k222l.xml	26
27	<ExportData>\n    <Version>1.0</Version>\n    <DocumentID>123e4567-e89b-12d3-a456-426614174000</DocumentID>\n    <TimeStamp>2025-03-06T14:30:00</TimeStamp>\n    <SignedData>\n        <Signature>BASE64_ENCODED_SIGNATURE</Signature>\n    </SignedData>\n    <Sender>\n        <SenderID>1002</SenderID>\n        <SenderName>Company X</SenderName>\n        <SenderINN>9876543210</SenderINN>\n    </Sender>\n    <MessageInfo>\n        <MessageType>Invoice</MessageType>\n        <MessageDate>2025-03-06</MessageDate>\n        <TransportType>1</TransportType>\n    </MessageInfo>\n    <Members>\n        <Member>\n            <MemberID>3001</MemberID>\n            <MemberName>Company Y</MemberName>\n            <MemberRole>Supplier</MemberRole>\n        </Member>\n        <Member>\n            <MemberID>3002</MemberID>\n            <MemberName>Company Z</MemberName>\n            <MemberRole>Customer</MemberRole>\n        </Member>\n    </Members>\n    <Operation>\n        <OperationID>7001</OperationID>\n        <TransactionDate>2025-03-05</TransactionDate>\n        <Amount>5000.00</Amount>\n        <Currency>EUR</Currency>\n        <OperationType>Refund</OperationType>\n    </Operation>\n</ExportData>	doc.123e4567-e89b-12d3-a456-426614174000.xml	27
28	<ExportData>\n    <Version>1.0</Version>\n    <DocumentID>222b333c-444d-555e-666f-777g888h999i</DocumentID>\n    <TimeStamp>2025-03-07T12:15:00</TimeStamp>\n    <SignedData>\n        <Signature>BASE64_ENCODED_SIGNATURE_5</Signature>\n    </SignedData>\n    <Sender>\n        <SenderID>1402</SenderID>\n        <SenderName>Cloud Services Ltd</SenderName>\n        <SenderINN>1122334455</SenderINN>\n    </Sender>\n    <MessageInfo>\n        <MessageType>ServiceSubscription</MessageType>\n        <MessageDate>2025-03-07</MessageDate>\n        <TransportType>3</TransportType>\n    </MessageInfo>\n    <Members>\n        <Member>\n            <MemberID>7001</MemberID>\n            <MemberName>Tech Startup Inc</MemberName>\n            <MemberRole>Subscriber</MemberRole>\n        </Member>\n        <Member>\n            <MemberID>7002</MemberID>\n            <MemberName>Cloud Services Ltd</MemberName>\n            <MemberRole>Provider</MemberRole>\n        </Member>\n    </Members>\n    <Operation>\n        <OperationID>11001</OperationID>\n        <TransactionDate>2025-03-06</TransactionDate>\n        <Amount>499.99</Amount>\n        <Currency>USD</Currency>\n        <OperationType>SubscriptionFee</OperationType>\n    </Operation>\n</ExportData>	doc.222b333c-444d-555e-666f-777g888h999i.xml	28
\.


--
-- Data for Name: processing_operation; Type: TABLE DATA; Schema: public; Owner: postgres
--

COPY public.processing_operation (id, transaction_date, amount, currency, operation_type, message_id) FROM stdin;
1	2025-03-06	499.99	USD	SubscriptionFee	1
2	2025-03-06	2500.00	EUR	TaxPayment	2
3	2025-03-05	5000.00	EUR	Refund	3
4	2025-03-06	499.99	USD	SubscriptionFee	4
5	2025-03-06	2500.00	EUR	TaxPayment	5
6	2025-03-05	5000.00	EUR	Refund	6
7	2025-03-06	499.99	USD	SubscriptionFee	7
8	2025-03-06	2500.00	EUR	TaxPayment	8
9	2025-03-05	5000.00	EUR	Refund	9
10	2025-03-06	499.99	USD	SubscriptionFee	10
11	2025-03-06	2500.00	EUR	TaxPayment	11
12	2025-03-05	5000.00	EUR	Refund	12
13	2025-03-06	499.99	USD	SubscriptionFee	13
14	2025-03-06	2500.00	EUR	TaxPayment	14
15	2025-03-05	5000.00	EUR	Refund	15
16	2025-03-06	499.99	USD	SubscriptionFee	16
17	2025-03-05	5000.00	EUR	Refund	18
18	2025-03-06	2500.00	EUR	TaxPayment	17
19	2025-03-06	499.99	USD	SubscriptionFee	19
20	2025-03-06	2500.00	EUR	TaxPayment	20
21	2025-03-05	5000.00	EUR	Refund	21
22	2025-03-06	499.99	USD	SubscriptionFee	22
23	2025-03-06	2500.00	EUR	TaxPayment	23
24	2025-03-05	5000.00	EUR	Refund	24
25	2025-03-06	499.99	USD	SubscriptionFee	25
26	2025-03-06	2500.00	EUR	TaxPayment	26
27	2025-03-05	5000.00	EUR	Refund	27
28	2025-03-06	499.99	USD	SubscriptionFee	28
\.


--
-- Data for Name: processing_requirement; Type: TABLE DATA; Schema: public; Owner: postgres
--

COPY public.processing_requirement (id, predicate, isrequired, "errorTemplate", rule_id) FROM stdin;
\.


--
-- Data for Name: processing_rule; Type: TABLE DATA; Schema: public; Owner: postgres
--

COPY public.processing_rule (id, is_active, "documentField_id", version_id) FROM stdin;
\.


--
-- Data for Name: processing_sender; Type: TABLE DATA; Schema: public; Owner: postgres
--

COPY public.processing_sender (id, name, inn) FROM stdin;
1	Cloud Services Ltd	1122334455
2	John Doe	9876543210
\.


--
-- Name: auth_group_id_seq; Type: SEQUENCE SET; Schema: public; Owner: postgres
--

SELECT pg_catalog.setval('public.auth_group_id_seq', 1, false);


--
-- Name: auth_group_permissions_id_seq; Type: SEQUENCE SET; Schema: public; Owner: postgres
--

SELECT pg_catalog.setval('public.auth_group_permissions_id_seq', 1, false);


--
-- Name: auth_permission_id_seq; Type: SEQUENCE SET; Schema: public; Owner: postgres
--

SELECT pg_catalog.setval('public.auth_permission_id_seq', 99, true);


--
-- Name: auth_user_groups_id_seq; Type: SEQUENCE SET; Schema: public; Owner: postgres
--

SELECT pg_catalog.setval('public.auth_user_groups_id_seq', 1, false);


--
-- Name: auth_user_id_seq; Type: SEQUENCE SET; Schema: public; Owner: postgres
--

SELECT pg_catalog.setval('public.auth_user_id_seq', 1, false);


--
-- Name: auth_user_user_permissions_id_seq; Type: SEQUENCE SET; Schema: public; Owner: postgres
--

SELECT pg_catalog.setval('public.auth_user_user_permissions_id_seq', 1, false);


--
-- Name: django_admin_log_id_seq; Type: SEQUENCE SET; Schema: public; Owner: postgres
--

SELECT pg_catalog.setval('public.django_admin_log_id_seq', 1, false);


--
-- Name: django_content_type_id_seq; Type: SEQUENCE SET; Schema: public; Owner: postgres
--

SELECT pg_catalog.setval('public.django_content_type_id_seq', 33, true);


--
-- Name: django_migrations_id_seq; Type: SEQUENCE SET; Schema: public; Owner: postgres
--

SELECT pg_catalog.setval('public.django_migrations_id_seq', 33, true);


--
-- Name: processing_dataformat_id_seq; Type: SEQUENCE SET; Schema: public; Owner: postgres
--

SELECT pg_catalog.setval('public.processing_dataformat_id_seq', 1, false);


--
-- Name: processing_documentfields_id_seq; Type: SEQUENCE SET; Schema: public; Owner: postgres
--

SELECT pg_catalog.setval('public.processing_documentfields_id_seq', 1, false);


--
-- Name: processing_error_id_seq; Type: SEQUENCE SET; Schema: public; Owner: postgres
--

SELECT pg_catalog.setval('public.processing_error_id_seq', 1, false);


--
-- Name: processing_members_id_seq; Type: SEQUENCE SET; Schema: public; Owner: postgres
--

SELECT pg_catalog.setval('public.processing_members_id_seq', 47, true);


--
-- Name: processing_message_id_seq; Type: SEQUENCE SET; Schema: public; Owner: postgres
--

SELECT pg_catalog.setval('public.processing_message_id_seq', 28, true);


--
-- Name: processing_messageversion_id_seq; Type: SEQUENCE SET; Schema: public; Owner: postgres
--

SELECT pg_catalog.setval('public.processing_messageversion_id_seq', 68, true);


--
-- Name: processing_messagexml_id_seq; Type: SEQUENCE SET; Schema: public; Owner: postgres
--

SELECT pg_catalog.setval('public.processing_messagexml_id_seq', 28, true);


--
-- Name: processing_operation_id_seq; Type: SEQUENCE SET; Schema: public; Owner: postgres
--

SELECT pg_catalog.setval('public.processing_operation_id_seq', 28, true);


--
-- Name: processing_requirement_id_seq; Type: SEQUENCE SET; Schema: public; Owner: postgres
--

SELECT pg_catalog.setval('public.processing_requirement_id_seq', 1, false);


--
-- Name: processing_rule_id_seq; Type: SEQUENCE SET; Schema: public; Owner: postgres
--

SELECT pg_catalog.setval('public.processing_rule_id_seq', 1, false);


--
-- Name: processing_sender_id_seq; Type: SEQUENCE SET; Schema: public; Owner: postgres
--

SELECT pg_catalog.setval('public.processing_sender_id_seq', 2, true);


--
-- Name: auth_group auth_group_name_key; Type: CONSTRAINT; Schema: public; Owner: postgres
--

ALTER TABLE ONLY public.auth_group
    ADD CONSTRAINT auth_group_name_key UNIQUE (name);


--
-- Name: auth_group_permissions auth_group_permissions_group_id_permission_id_0cd325b0_uniq; Type: CONSTRAINT; Schema: public; Owner: postgres
--

ALTER TABLE ONLY public.auth_group_permissions
    ADD CONSTRAINT auth_group_permissions_group_id_permission_id_0cd325b0_uniq UNIQUE (group_id, permission_id);


--
-- Name: auth_group_permissions auth_group_permissions_pkey; Type: CONSTRAINT; Schema: public; Owner: postgres
--

ALTER TABLE ONLY public.auth_group_permissions
    ADD CONSTRAINT auth_group_permissions_pkey PRIMARY KEY (id);


--
-- Name: auth_group auth_group_pkey; Type: CONSTRAINT; Schema: public; Owner: postgres
--

ALTER TABLE ONLY public.auth_group
    ADD CONSTRAINT auth_group_pkey PRIMARY KEY (id);


--
-- Name: auth_permission auth_permission_content_type_id_codename_01ab375a_uniq; Type: CONSTRAINT; Schema: public; Owner: postgres
--

ALTER TABLE ONLY public.auth_permission
    ADD CONSTRAINT auth_permission_content_type_id_codename_01ab375a_uniq UNIQUE (content_type_id, codename);


--
-- Name: auth_permission auth_permission_pkey; Type: CONSTRAINT; Schema: public; Owner: postgres
--

ALTER TABLE ONLY public.auth_permission
    ADD CONSTRAINT auth_permission_pkey PRIMARY KEY (id);


--
-- Name: auth_user_groups auth_user_groups_pkey; Type: CONSTRAINT; Schema: public; Owner: postgres
--

ALTER TABLE ONLY public.auth_user_groups
    ADD CONSTRAINT auth_user_groups_pkey PRIMARY KEY (id);


--
-- Name: auth_user_groups auth_user_groups_user_id_group_id_94350c0c_uniq; Type: CONSTRAINT; Schema: public; Owner: postgres
--

ALTER TABLE ONLY public.auth_user_groups
    ADD CONSTRAINT auth_user_groups_user_id_group_id_94350c0c_uniq UNIQUE (user_id, group_id);


--
-- Name: auth_user auth_user_pkey; Type: CONSTRAINT; Schema: public; Owner: postgres
--

ALTER TABLE ONLY public.auth_user
    ADD CONSTRAINT auth_user_pkey PRIMARY KEY (id);


--
-- Name: auth_user_user_permissions auth_user_user_permissions_pkey; Type: CONSTRAINT; Schema: public; Owner: postgres
--

ALTER TABLE ONLY public.auth_user_user_permissions
    ADD CONSTRAINT auth_user_user_permissions_pkey PRIMARY KEY (id);


--
-- Name: auth_user_user_permissions auth_user_user_permissions_user_id_permission_id_14a6b632_uniq; Type: CONSTRAINT; Schema: public; Owner: postgres
--

ALTER TABLE ONLY public.auth_user_user_permissions
    ADD CONSTRAINT auth_user_user_permissions_user_id_permission_id_14a6b632_uniq UNIQUE (user_id, permission_id);


--
-- Name: auth_user auth_user_username_key; Type: CONSTRAINT; Schema: public; Owner: postgres
--

ALTER TABLE ONLY public.auth_user
    ADD CONSTRAINT auth_user_username_key UNIQUE (username);


--
-- Name: django_admin_log django_admin_log_pkey; Type: CONSTRAINT; Schema: public; Owner: postgres
--

ALTER TABLE ONLY public.django_admin_log
    ADD CONSTRAINT django_admin_log_pkey PRIMARY KEY (id);


--
-- Name: django_content_type django_content_type_app_label_model_76bd3d3b_uniq; Type: CONSTRAINT; Schema: public; Owner: postgres
--

ALTER TABLE ONLY public.django_content_type
    ADD CONSTRAINT django_content_type_app_label_model_76bd3d3b_uniq UNIQUE (app_label, model);


--
-- Name: django_content_type django_content_type_pkey; Type: CONSTRAINT; Schema: public; Owner: postgres
--

ALTER TABLE ONLY public.django_content_type
    ADD CONSTRAINT django_content_type_pkey PRIMARY KEY (id);


--
-- Name: django_migrations django_migrations_pkey; Type: CONSTRAINT; Schema: public; Owner: postgres
--

ALTER TABLE ONLY public.django_migrations
    ADD CONSTRAINT django_migrations_pkey PRIMARY KEY (id);


--
-- Name: django_session django_session_pkey; Type: CONSTRAINT; Schema: public; Owner: postgres
--

ALTER TABLE ONLY public.django_session
    ADD CONSTRAINT django_session_pkey PRIMARY KEY (session_key);


--
-- Name: processing_dataformat processing_dataformat_pkey; Type: CONSTRAINT; Schema: public; Owner: postgres
--

ALTER TABLE ONLY public.processing_dataformat
    ADD CONSTRAINT processing_dataformat_pkey PRIMARY KEY (id);


--
-- Name: processing_documentfields processing_documentfields_pkey; Type: CONSTRAINT; Schema: public; Owner: postgres
--

ALTER TABLE ONLY public.processing_documentfields
    ADD CONSTRAINT processing_documentfields_pkey PRIMARY KEY (id);


--
-- Name: processing_error processing_error_pkey; Type: CONSTRAINT; Schema: public; Owner: postgres
--

ALTER TABLE ONLY public.processing_error
    ADD CONSTRAINT processing_error_pkey PRIMARY KEY (id);


--
-- Name: processing_members processing_members_pkey; Type: CONSTRAINT; Schema: public; Owner: postgres
--

ALTER TABLE ONLY public.processing_members
    ADD CONSTRAINT processing_members_pkey PRIMARY KEY (id);


--
-- Name: processing_message processing_message_pkey; Type: CONSTRAINT; Schema: public; Owner: postgres
--

ALTER TABLE ONLY public.processing_message
    ADD CONSTRAINT processing_message_pkey PRIMARY KEY (id);


--
-- Name: processing_messageversion processing_messageversion_pkey; Type: CONSTRAINT; Schema: public; Owner: postgres
--

ALTER TABLE ONLY public.processing_messageversion
    ADD CONSTRAINT processing_messageversion_pkey PRIMARY KEY (id);


--
-- Name: processing_messageversion processing_messageversion_version_code_key; Type: CONSTRAINT; Schema: public; Owner: postgres
--

ALTER TABLE ONLY public.processing_messageversion
    ADD CONSTRAINT processing_messageversion_version_code_key UNIQUE (version_code);


--
-- Name: processing_messagexml processing_messagexml_pkey; Type: CONSTRAINT; Schema: public; Owner: postgres
--

ALTER TABLE ONLY public.processing_messagexml
    ADD CONSTRAINT processing_messagexml_pkey PRIMARY KEY (id);


--
-- Name: processing_operation processing_operation_pkey; Type: CONSTRAINT; Schema: public; Owner: postgres
--

ALTER TABLE ONLY public.processing_operation
    ADD CONSTRAINT processing_operation_pkey PRIMARY KEY (id);


--
-- Name: processing_requirement processing_requirement_pkey; Type: CONSTRAINT; Schema: public; Owner: postgres
--

ALTER TABLE ONLY public.processing_requirement
    ADD CONSTRAINT processing_requirement_pkey PRIMARY KEY (id);


--
-- Name: processing_rule processing_rule_pkey; Type: CONSTRAINT; Schema: public; Owner: postgres
--

ALTER TABLE ONLY public.processing_rule
    ADD CONSTRAINT processing_rule_pkey PRIMARY KEY (id);


--
-- Name: processing_sender processing_sender_pkey; Type: CONSTRAINT; Schema: public; Owner: postgres
--

ALTER TABLE ONLY public.processing_sender
    ADD CONSTRAINT processing_sender_pkey PRIMARY KEY (id);


--
-- Name: auth_group_name_a6ea08ec_like; Type: INDEX; Schema: public; Owner: postgres
--

CREATE INDEX auth_group_name_a6ea08ec_like ON public.auth_group USING btree (name varchar_pattern_ops);


--
-- Name: auth_group_permissions_group_id_b120cbf9; Type: INDEX; Schema: public; Owner: postgres
--

CREATE INDEX auth_group_permissions_group_id_b120cbf9 ON public.auth_group_permissions USING btree (group_id);


--
-- Name: auth_group_permissions_permission_id_84c5c92e; Type: INDEX; Schema: public; Owner: postgres
--

CREATE INDEX auth_group_permissions_permission_id_84c5c92e ON public.auth_group_permissions USING btree (permission_id);


--
-- Name: auth_permission_content_type_id_2f476e4b; Type: INDEX; Schema: public; Owner: postgres
--

CREATE INDEX auth_permission_content_type_id_2f476e4b ON public.auth_permission USING btree (content_type_id);


--
-- Name: auth_user_groups_group_id_97559544; Type: INDEX; Schema: public; Owner: postgres
--

CREATE INDEX auth_user_groups_group_id_97559544 ON public.auth_user_groups USING btree (group_id);


--
-- Name: auth_user_groups_user_id_6a12ed8b; Type: INDEX; Schema: public; Owner: postgres
--

CREATE INDEX auth_user_groups_user_id_6a12ed8b ON public.auth_user_groups USING btree (user_id);


--
-- Name: auth_user_user_permissions_permission_id_1fbb5f2c; Type: INDEX; Schema: public; Owner: postgres
--

CREATE INDEX auth_user_user_permissions_permission_id_1fbb5f2c ON public.auth_user_user_permissions USING btree (permission_id);


--
-- Name: auth_user_user_permissions_user_id_a95ead1b; Type: INDEX; Schema: public; Owner: postgres
--

CREATE INDEX auth_user_user_permissions_user_id_a95ead1b ON public.auth_user_user_permissions USING btree (user_id);


--
-- Name: auth_user_username_6821ab7c_like; Type: INDEX; Schema: public; Owner: postgres
--

CREATE INDEX auth_user_username_6821ab7c_like ON public.auth_user USING btree (username varchar_pattern_ops);


--
-- Name: django_admin_log_content_type_id_c4bce8eb; Type: INDEX; Schema: public; Owner: postgres
--

CREATE INDEX django_admin_log_content_type_id_c4bce8eb ON public.django_admin_log USING btree (content_type_id);


--
-- Name: django_admin_log_user_id_c564eba6; Type: INDEX; Schema: public; Owner: postgres
--

CREATE INDEX django_admin_log_user_id_c564eba6 ON public.django_admin_log USING btree (user_id);


--
-- Name: django_session_expire_date_a5c62663; Type: INDEX; Schema: public; Owner: postgres
--

CREATE INDEX django_session_expire_date_a5c62663 ON public.django_session USING btree (expire_date);


--
-- Name: django_session_session_key_c0390e0f_like; Type: INDEX; Schema: public; Owner: postgres
--

CREATE INDEX django_session_session_key_c0390e0f_like ON public.django_session USING btree (session_key varchar_pattern_ops);


--
-- Name: processing_dataformat_rule_id_ae7245fc; Type: INDEX; Schema: public; Owner: postgres
--

CREATE INDEX processing_dataformat_rule_id_ae7245fc ON public.processing_dataformat USING btree (rule_id);


--
-- Name: processing_documentfields_version_id_1aa14748; Type: INDEX; Schema: public; Owner: postgres
--

CREATE INDEX processing_documentfields_version_id_1aa14748 ON public.processing_documentfields USING btree (version_id);


--
-- Name: processing_error_message_id_f7c13eef; Type: INDEX; Schema: public; Owner: postgres
--

CREATE INDEX processing_error_message_id_f7c13eef ON public.processing_error USING btree (message_id);


--
-- Name: processing_members_message_id_8eadfd8f; Type: INDEX; Schema: public; Owner: postgres
--

CREATE INDEX processing_members_message_id_8eadfd8f ON public.processing_members USING btree (message_id);


--
-- Name: processing_message_message_version_id_8e546e27; Type: INDEX; Schema: public; Owner: postgres
--

CREATE INDEX processing_message_message_version_id_8e546e27 ON public.processing_message USING btree (message_version_id);


--
-- Name: processing_message_sender_id_bf1a131f; Type: INDEX; Schema: public; Owner: postgres
--

CREATE INDEX processing_message_sender_id_bf1a131f ON public.processing_message USING btree (sender_id);


--
-- Name: processing_messageversion_version_code_163d80d7_like; Type: INDEX; Schema: public; Owner: postgres
--

CREATE INDEX processing_messageversion_version_code_163d80d7_like ON public.processing_messageversion USING btree (version_code varchar_pattern_ops);


--
-- Name: processing_messagexml_message_id_b8312eb7; Type: INDEX; Schema: public; Owner: postgres
--

CREATE INDEX processing_messagexml_message_id_b8312eb7 ON public.processing_messagexml USING btree (message_id);


--
-- Name: processing_operation_message_id_90e311af; Type: INDEX; Schema: public; Owner: postgres
--

CREATE INDEX processing_operation_message_id_90e311af ON public.processing_operation USING btree (message_id);


--
-- Name: processing_requirement_rule_id_7f75e9bb; Type: INDEX; Schema: public; Owner: postgres
--

CREATE INDEX processing_requirement_rule_id_7f75e9bb ON public.processing_requirement USING btree (rule_id);


--
-- Name: processing_rule_documentField_id_009bd72b; Type: INDEX; Schema: public; Owner: postgres
--

CREATE INDEX "processing_rule_documentField_id_009bd72b" ON public.processing_rule USING btree ("documentField_id");


--
-- Name: processing_rule_version_id_5b4a20e4; Type: INDEX; Schema: public; Owner: postgres
--

CREATE INDEX processing_rule_version_id_5b4a20e4 ON public.processing_rule USING btree (version_id);


--
-- Name: auth_group_permissions auth_group_permissio_permission_id_84c5c92e_fk_auth_perm; Type: FK CONSTRAINT; Schema: public; Owner: postgres
--

ALTER TABLE ONLY public.auth_group_permissions
    ADD CONSTRAINT auth_group_permissio_permission_id_84c5c92e_fk_auth_perm FOREIGN KEY (permission_id) REFERENCES public.auth_permission(id) DEFERRABLE INITIALLY DEFERRED;


--
-- Name: auth_group_permissions auth_group_permissions_group_id_b120cbf9_fk_auth_group_id; Type: FK CONSTRAINT; Schema: public; Owner: postgres
--

ALTER TABLE ONLY public.auth_group_permissions
    ADD CONSTRAINT auth_group_permissions_group_id_b120cbf9_fk_auth_group_id FOREIGN KEY (group_id) REFERENCES public.auth_group(id) DEFERRABLE INITIALLY DEFERRED;


--
-- Name: auth_permission auth_permission_content_type_id_2f476e4b_fk_django_co; Type: FK CONSTRAINT; Schema: public; Owner: postgres
--

ALTER TABLE ONLY public.auth_permission
    ADD CONSTRAINT auth_permission_content_type_id_2f476e4b_fk_django_co FOREIGN KEY (content_type_id) REFERENCES public.django_content_type(id) DEFERRABLE INITIALLY DEFERRED;


--
-- Name: auth_user_groups auth_user_groups_group_id_97559544_fk_auth_group_id; Type: FK CONSTRAINT; Schema: public; Owner: postgres
--

ALTER TABLE ONLY public.auth_user_groups
    ADD CONSTRAINT auth_user_groups_group_id_97559544_fk_auth_group_id FOREIGN KEY (group_id) REFERENCES public.auth_group(id) DEFERRABLE INITIALLY DEFERRED;


--
-- Name: auth_user_groups auth_user_groups_user_id_6a12ed8b_fk_auth_user_id; Type: FK CONSTRAINT; Schema: public; Owner: postgres
--

ALTER TABLE ONLY public.auth_user_groups
    ADD CONSTRAINT auth_user_groups_user_id_6a12ed8b_fk_auth_user_id FOREIGN KEY (user_id) REFERENCES public.auth_user(id) DEFERRABLE INITIALLY DEFERRED;


--
-- Name: auth_user_user_permissions auth_user_user_permi_permission_id_1fbb5f2c_fk_auth_perm; Type: FK CONSTRAINT; Schema: public; Owner: postgres
--

ALTER TABLE ONLY public.auth_user_user_permissions
    ADD CONSTRAINT auth_user_user_permi_permission_id_1fbb5f2c_fk_auth_perm FOREIGN KEY (permission_id) REFERENCES public.auth_permission(id) DEFERRABLE INITIALLY DEFERRED;


--
-- Name: auth_user_user_permissions auth_user_user_permissions_user_id_a95ead1b_fk_auth_user_id; Type: FK CONSTRAINT; Schema: public; Owner: postgres
--

ALTER TABLE ONLY public.auth_user_user_permissions
    ADD CONSTRAINT auth_user_user_permissions_user_id_a95ead1b_fk_auth_user_id FOREIGN KEY (user_id) REFERENCES public.auth_user(id) DEFERRABLE INITIALLY DEFERRED;


--
-- Name: django_admin_log django_admin_log_content_type_id_c4bce8eb_fk_django_co; Type: FK CONSTRAINT; Schema: public; Owner: postgres
--

ALTER TABLE ONLY public.django_admin_log
    ADD CONSTRAINT django_admin_log_content_type_id_c4bce8eb_fk_django_co FOREIGN KEY (content_type_id) REFERENCES public.django_content_type(id) DEFERRABLE INITIALLY DEFERRED;


--
-- Name: django_admin_log django_admin_log_user_id_c564eba6_fk_auth_user_id; Type: FK CONSTRAINT; Schema: public; Owner: postgres
--

ALTER TABLE ONLY public.django_admin_log
    ADD CONSTRAINT django_admin_log_user_id_c564eba6_fk_auth_user_id FOREIGN KEY (user_id) REFERENCES public.auth_user(id) DEFERRABLE INITIALLY DEFERRED;


--
-- Name: processing_dataformat processing_dataformat_rule_id_ae7245fc_fk_processing_rule_id; Type: FK CONSTRAINT; Schema: public; Owner: postgres
--

ALTER TABLE ONLY public.processing_dataformat
    ADD CONSTRAINT processing_dataformat_rule_id_ae7245fc_fk_processing_rule_id FOREIGN KEY (rule_id) REFERENCES public.processing_rule(id) DEFERRABLE INITIALLY DEFERRED;


--
-- Name: processing_documentfields processing_documentf_version_id_1aa14748_fk_processin; Type: FK CONSTRAINT; Schema: public; Owner: postgres
--

ALTER TABLE ONLY public.processing_documentfields
    ADD CONSTRAINT processing_documentf_version_id_1aa14748_fk_processin FOREIGN KEY (version_id) REFERENCES public.processing_messageversion(id) DEFERRABLE INITIALLY DEFERRED;


--
-- Name: processing_error processing_error_message_id_f7c13eef_fk_processing_message_id; Type: FK CONSTRAINT; Schema: public; Owner: postgres
--

ALTER TABLE ONLY public.processing_error
    ADD CONSTRAINT processing_error_message_id_f7c13eef_fk_processing_message_id FOREIGN KEY (message_id) REFERENCES public.processing_message(id) DEFERRABLE INITIALLY DEFERRED;


--
-- Name: processing_members processing_members_message_id_8eadfd8f_fk_processing_message_id; Type: FK CONSTRAINT; Schema: public; Owner: postgres
--

ALTER TABLE ONLY public.processing_members
    ADD CONSTRAINT processing_members_message_id_8eadfd8f_fk_processing_message_id FOREIGN KEY (message_id) REFERENCES public.processing_message(id) DEFERRABLE INITIALLY DEFERRED;


--
-- Name: processing_message processing_message_message_version_id_8e546e27_fk_processin; Type: FK CONSTRAINT; Schema: public; Owner: postgres
--

ALTER TABLE ONLY public.processing_message
    ADD CONSTRAINT processing_message_message_version_id_8e546e27_fk_processin FOREIGN KEY (message_version_id) REFERENCES public.processing_messageversion(id) DEFERRABLE INITIALLY DEFERRED;


--
-- Name: processing_message processing_message_sender_id_bf1a131f_fk_processing_sender_id; Type: FK CONSTRAINT; Schema: public; Owner: postgres
--

ALTER TABLE ONLY public.processing_message
    ADD CONSTRAINT processing_message_sender_id_bf1a131f_fk_processing_sender_id FOREIGN KEY (sender_id) REFERENCES public.processing_sender(id) DEFERRABLE INITIALLY DEFERRED;


--
-- Name: processing_messagexml processing_messagexm_message_id_b8312eb7_fk_processin; Type: FK CONSTRAINT; Schema: public; Owner: postgres
--

ALTER TABLE ONLY public.processing_messagexml
    ADD CONSTRAINT processing_messagexm_message_id_b8312eb7_fk_processin FOREIGN KEY (message_id) REFERENCES public.processing_message(id) DEFERRABLE INITIALLY DEFERRED;


--
-- Name: processing_operation processing_operation_message_id_90e311af_fk_processin; Type: FK CONSTRAINT; Schema: public; Owner: postgres
--

ALTER TABLE ONLY public.processing_operation
    ADD CONSTRAINT processing_operation_message_id_90e311af_fk_processin FOREIGN KEY (message_id) REFERENCES public.processing_message(id) DEFERRABLE INITIALLY DEFERRED;


--
-- Name: processing_requirement processing_requirement_rule_id_7f75e9bb_fk_processing_rule_id; Type: FK CONSTRAINT; Schema: public; Owner: postgres
--

ALTER TABLE ONLY public.processing_requirement
    ADD CONSTRAINT processing_requirement_rule_id_7f75e9bb_fk_processing_rule_id FOREIGN KEY (rule_id) REFERENCES public.processing_rule(id) DEFERRABLE INITIALLY DEFERRED;


--
-- Name: processing_rule processing_rule_documentField_id_009bd72b_fk_processin; Type: FK CONSTRAINT; Schema: public; Owner: postgres
--

ALTER TABLE ONLY public.processing_rule
    ADD CONSTRAINT "processing_rule_documentField_id_009bd72b_fk_processin" FOREIGN KEY ("documentField_id") REFERENCES public.processing_documentfields(id) DEFERRABLE INITIALLY DEFERRED;


--
-- Name: processing_rule processing_rule_version_id_5b4a20e4_fk_processin; Type: FK CONSTRAINT; Schema: public; Owner: postgres
--

ALTER TABLE ONLY public.processing_rule
    ADD CONSTRAINT processing_rule_version_id_5b4a20e4_fk_processin FOREIGN KEY (version_id) REFERENCES public.processing_messageversion(id) DEFERRABLE INITIALLY DEFERRED;


--
-- Name: SCHEMA public; Type: ACL; Schema: -; Owner: postgres
--

REVOKE USAGE ON SCHEMA public FROM PUBLIC;
GRANT ALL ON SCHEMA public TO PUBLIC;


--
-- PostgreSQL database dump complete
--

